Filename,Distance
image_0614.jpg,0.13929206
image_0609.jpg,0.14373428
image_1190.jpg,0.14871353
image_0040.jpg,0.15332544
image_0003.jpg,0.15573579
