Filename,Distance
image_1187.jpg,0.15986168
image_0570.jpg,0.16107774
image_1055.jpg,0.16331834
image_0580.jpg,0.16436827
image_0597.jpg,0.16848367
