Filename,Distance
image_0134.jpg,0.18906653
image_0383.jpg,0.21871483
image_0131.jpg,0.22261292
image_0157.jpg,0.23477566
image_0389.jpg,0.23802906
