Filename,Distance
image_0868.jpg,0.1816585
image_0849.jpg,0.22279322
image_0854.jpg,0.22544712
image_0802.jpg,0.23739558
image_0841.jpg,0.23748899
