Filename,Distance
image_0668.jpg,0.09810519
image_0651.jpg,0.18426484
image_0659.jpg,0.19084185
image_0648.jpg,0.19580299
image_0647.jpg,0.1979078
