Filename,Distance
image_0025.jpg,0.14036334
image_0024.jpg,0.1489799
image_0017.jpg,0.16492355
image_0065.jpg,0.16521287
image_0019.jpg,0.16612601
