accuracy,loss,val_accuracy,val_loss
0.38958707451820374,1.8652795553207397,0.3956834673881531,1.7741734981536865
