accuracy,loss,val_accuracy,val_loss
0.40323159098625183,1.8024044036865234,0.47122302651405334,1.6757514476776123
0.5813285708427429,1.227146863937378,0.5791366696357727,1.2853198051452637
