accuracy,loss,val_accuracy,val_loss
0.40502694249153137,1.7825185060501099,0.5071942210197449,1.6806607246398926
